{"cameraMode":{"drawMode":2,"name":"Shaded Wireframe","section":"Shading Mode"},"sceneLighting":false,"audioPlay":false,"sceneViewState":{"showFog":true,"showMaterialUpdate":false,"showSkybox":false,"showFlares":true,"showImageEffects":true,"showParticleSystems":true},"in2DMode":false,"pivot":{"x":0.33654236793518069,"y":-0.0040122270584106449,"z":0.32637083530426028},"rotation":{"x":0.1726943701505661,"y":0.4205870032310486,"z":-0.08189421892166138,"w":0.8869030475616455},"size":2756.484375,"orthographic":false}