{"cameraMode":{"drawMode":2,"name":"Shaded Wireframe","section":"Shading Mode"},"sceneLighting":false,"audioPlay":false,"sceneViewState":{"showFog":true,"showMaterialUpdate":false,"showSkybox":false,"showFlares":true,"showImageEffects":true,"showParticleSystems":true},"in2DMode":false,"pivot":{"x":-0.12617778778076173,"y":1.0880118608474732,"z":0.015444815158843995},"rotation":{"x":0.11772048473358154,"y":0.8284303545951843,"z":-0.1898781955242157,"w":0.5136159658432007},"size":7.600250720977783,"orthographic":false}