{"cameraMode":{"drawMode":2,"name":"Shaded Wireframe","section":"Shading Mode"},"sceneLighting":false,"audioPlay":false,"sceneViewState":{"showFog":true,"showMaterialUpdate":false,"showSkybox":false,"showFlares":true,"showImageEffects":true,"showParticleSystems":true},"in2DMode":false,"pivot":{"x":-0.40265369415283205,"y":-0.20660558342933656,"z":-0.7586278915405273},"rotation":{"x":0.023543477058410646,"y":-0.8784655332565308,"z":0.04351959750056267,"w":0.47523924708366396},"size":5.7157673835754398,"orthographic":false}