{"cameraMode":{"drawMode":2,"name":"Shaded Wireframe","section":"Shading Mode"},"sceneLighting":false,"audioPlay":false,"sceneViewState":{"showFog":true,"showMaterialUpdate":false,"showSkybox":false,"showFlares":true,"showImageEffects":true,"showParticleSystems":true},"in2DMode":false,"pivot":{"x":0.2501213550567627,"y":1.517012119293213,"z":1.4106172323226929},"rotation":{"x":-0.18987597525119782,"y":0.22199776768684388,"z":0.04413890838623047,"w":0.9553871154785156},"size":3.400078058242798,"orthographic":false}